File,Created,Last Modified,Total Commits,Lines Added,Lines Deleted,Current Lines
examples/java/hello.feature,2008-08-06 21:35:30,2008-08-07 23:26:27,2,0,0,0
examples/java/tree.feature,2008-08-06 21:35:30,2008-08-07 23:26:27,2,0,0,0
examples/simple/addition.feature,2008-08-06 21:35:30,2008-08-07 23:26:27,2,0,0,0
examples/simple/division.feature,2008-08-06 21:35:30,2008-08-07 23:26:27,2,0,0,0
examples/simple_norwegian/summering.feature,2008-08-06 21:35:30,2008-08-07 23:26:27,2,0,0,0
examples/web/search.feature,2008-08-06 21:35:30,2008-08-07 23:26:27,2,0,0,0
spec/cucumber/sell_cucumbers.feature,2008-08-06 21:35:30,2026-03-18 05:23:25,8191,10,9,0
examples/web/features/search.feature,2008-08-08 02:40:54,2008-08-12 04:20:07,12,0,0,0
examples/simple_norwegian/features/summering.feature,2008-08-08 02:40:54,2008-08-12 04:20:07,12,0,0,0
examples/simple/features/division.feature,2008-08-08 02:40:54,2008-08-08 10:02:29,2,0,0,0
examples/simple/features/addition.feature,2008-08-08 02:40:54,2008-08-08 10:02:29,2,0,0,0
examples/java/features/tree.feature,2008-08-08 02:40:54,2009-10-30 03:20:10,3498,791,1836,0
examples/java/features/hello.feature,2008-08-08 02:40:54,2009-10-30 03:20:10,3498,791,1836,0
examples/calculator/features/addition.feature,2008-08-08 10:26:06,2008-11-19 18:00:44,703,0,6,0
examples/calculator/features/division.feature,2008-08-08 10:26:06,2008-11-19 18:00:44,703,0,6,0
spec/cucumber/treetop_parser/spaces.feature,2008-08-08 11:14:03,2010-05-10 02:20:56,3919,3584,5416,0
examples/norwegian_calculator/features/summering.feature,2008-08-19 15:51:19,2008-11-19 18:00:44,693,0,6,0
examples/watir/features/search.feature,2008-08-19 15:51:19,2019-10-16 17:27:14,7352,446,892,0
spec/cucumber/treetop_parser/given_scenario.feature,2008-08-27 14:30:52,2010-05-10 02:20:56,3898,3584,5416,0
examples/calculatrice_francaise_avec_soit_scenario/features/addition.feature,2008-08-28 11:45:38,2008-11-19 18:00:44,679,0,6,0
examples/selenium/features/search.feature,2008-09-02 11:39:33,2010-05-10 02:20:56,3931,1790,3594,0
examples/cs/features/._hello.feature,2008-09-08 22:25:09,2008-09-17 09:28:55,13,0,0,0
examples/cs/features/hello.feature,2008-09-08 22:25:09,2008-12-08 00:39:52,851,0,0,0
examples/cs/features/tree.feature,2008-09-08 22:25:09,2008-12-08 00:39:52,851,0,0,0
spec/cucumber/treetop_parser/fit_scenario.feature,2008-09-08 22:40:46,2010-05-10 02:20:56,3832,37636,39583,0
examples/tickets/features/tickets.feature,2008-09-09 18:43:54,2010-07-02 14:10:13,4046,0,1952,0
examples/portuguese_calculator/features/adicao.feature,2008-09-15 19:26:19,2008-11-19 18:00:44,592,0,6,0
features/see_features.feature,2008-09-18 12:08:28,2009-01-11 21:00:13,1314,0,4,0
examples/danish_calculator/features/summering.feature,2008-09-19 11:17:11,2008-11-19 18:00:44,568,0,6,0
examples/spanish_calculator/features/adicion.feature,2008-09-19 20:09:18,2008-11-19 18:00:44,566,0,6,0
examples/estonian_calculator/features/liitmine.feature,2008-09-21 01:48:51,2008-11-19 18:00:44,566,0,6,0
spec/cucumber/treetop_parser/with_comments.feature,2008-09-30 11:20:05,2010-05-10 02:20:56,3738,3584,5416,0
spec/cucumber/treetop_parser/empty_scenario.feature,2008-09-30 16:00:01,2010-05-10 02:20:56,3734,3584,5416,0
spec/cucumber/treetop_parser/multiple_tables.feature,2008-09-30 19:47:24,2010-05-10 02:20:56,3732,3584,5416,0
spec/cucumber/treetop_parser/no_scenarios.feature,2008-09-30 23:35:57,2008-10-01 15:46:15,2,0,0,0
spec/cucumber/treetop_parser/empty_feature.feature,2008-10-01 15:46:15,2010-05-10 02:20:56,3718,3584,5416,0
examples/dos_line_endings/features/dos_line_endings.feature,2008-10-04 22:34:33,2010-07-02 14:10:13,3850,0,1952,0
spec/cucumber/treetop_parser/test_dos.feature,2008-10-05 19:33:16,2010-05-10 02:20:56,3668,3584,5416,0
examples/swedish_calculator/features/summering.feature,2008-10-07 22:05:29,2008-11-12 11:49:08,420,0,0,0
spec/cucumber/treetop_parser/multiline_steps.feature,2008-10-14 17:24:13,2010-05-10 02:20:56,3590,3590,5416,0
examples/chinese_simplified_calculator/features/addition.feature,2008-10-15 23:31:41,2008-11-12 11:49:08,342,0,0,0
examples/japanese_calculator/features/division.feature,2008-10-16 17:20:07,2008-11-12 11:49:08,300,0,0,0
examples/japanese_calculator/features/addition.feature,2008-10-16 17:20:07,2008-11-12 11:49:08,300,0,0,0
examples/indonesian_kalkulator/features/addition.feature,2008-10-28 04:09:30,2008-11-12 11:49:08,180,0,0,0
examples/indonesian_kalkulator/features/division.feature,2008-10-28 04:09:30,2008-11-12 11:49:08,180,0,0,0
examples/italian_calculator/features/somma.feature,2008-11-09 21:51:36,2008-11-11 20:49:10,28,0,0,0
examples/romanian_calculator/features/suma.feature,2008-11-10 19:12:43,2008-11-11 20:49:10,6,0,0,0
examples/i18n/ro/features/suma.feature,2008-11-11 20:49:10,2011-03-20 17:30:00,3643,1603,3293,0
examples/i18n/pt/features/adicao.feature,2008-11-11 20:49:10,2026-03-18 05:23:25,7518,6,0,0
examples/i18n/no/features/summering.feature,2008-11-11 20:49:10,2026-03-18 05:23:25,7518,6,0,0
examples/i18n/ja/features/division.feature,2008-11-11 20:49:10,2026-03-18 05:23:25,7518,6,0,0
examples/i18n/ja/features/addition.feature,2008-11-11 20:49:10,2026-03-18 05:23:25,7518,6,0,0
examples/i18n/it/features/somma.feature,2008-11-11 20:49:10,2026-03-18 05:23:25,7518,6,0,0
examples/i18n/id/features/division.feature,2008-11-11 20:49:10,2026-03-18 05:23:25,7518,6,0,0
examples/i18n/fr/features/addition.feature,2008-11-11 20:49:10,2026-03-18 05:23:25,7518,6,0,0
examples/i18n/se/features/summering.feature,2008-11-11 20:49:10,2010-04-10 23:24:03,3132,5393,7184,0
examples/i18n/et/features/liitmine.feature,2008-11-11 20:49:10,2026-03-18 05:23:25,7518,6,0,0
examples/i18n/es/features/adicion.feature,2008-11-11 20:49:10,2026-03-18 05:23:25,7518,6,0,0
examples/i18n/en/features/division.feature,2008-11-11 20:49:10,2026-03-18 05:23:25,7518,6,0,0
examples/i18n/en/features/addition.feature,2008-11-11 20:49:10,2026-03-18 05:23:25,7518,6,0,0
examples/i18n/da/features/summering.feature,2008-11-11 20:49:10,2009-10-28 08:19:39,2785,1023,1578,0
examples/i18n/id/features/addition.feature,2008-11-11 20:49:10,2026-03-18 05:23:25,7518,6,0,0
examples/i18n/zh-CN/features/addition.feature,2008-11-11 20:49:10,2026-03-18 05:23:25,7518,6,0,0
examples/i18n/ar/features/addition.feature,2008-11-11 21:14:00,2026-03-18 05:23:25,7514,6,0,0
examples/i18n/de/features/addition.feature,2008-11-12 22:28:49,2026-03-18 05:23:25,7484,12,0,0
examples/i18n/de/features/division.feature,2008-11-12 22:28:49,2026-03-18 05:23:25,7484,12,0,0
examples/i18n/lt/features/addition.feature,2008-11-19 02:30:24,2026-03-18 05:23:25,7438,0,6,0
examples/i18n/lt/features/division.feature,2008-11-19 02:30:24,2026-03-18 05:23:25,7438,0,6,0
examples/test_unit/features/test_unit.feature,2008-11-24 14:59:32,2023-12-08 19:57:20,7332,0,499,0
examples/cs/features/addition.feature,2008-12-04 04:07:30,2009-10-30 03:20:10,2600,791,1824,0
spec/cucumber/treetop_parser/invalid_scenario_outlines.feature,2008-12-08 00:00:24,2010-05-10 02:20:56,2986,3584,5416,0
spec/cucumber/treetop_parser/scenario_outline.feature,2008-12-08 00:00:24,2010-05-10 02:20:56,2986,3584,5416,0
examples/tickets/features/scenario_outline.feature,2008-12-08 00:00:24,2010-07-02 14:10:13,3153,0,1952,0
spec/cucumber/treetop_parser/empty_scenario_outline.feature,2008-12-08 00:00:24,2010-05-10 02:20:56,2986,3584,5416,0
spec/cucumber/treetop_parser/with_tags.feature,2009-01-04 03:22:09,2010-05-10 02:20:56,2438,3613,5451,0
examples/i18n/ko/features/addition.feature,2009-01-05 07:32:25,2026-03-18 05:23:25,6862,2,0,0
examples/i18n/ko/features/division.feature,2009-01-05 07:32:25,2026-03-18 05:23:25,6862,2,0,0
features/run_single_scenario.feature,2009-01-07 05:51:17,2009-01-07 13:40:56,2,0,0,0
examples/self_test/features/sample.feature,2009-01-07 05:51:17,2010-07-02 14:07:59,2712,0,1947,0
features/cucumber_cli.feature,2009-01-07 13:40:56,2010-12-07 05:55:41,2913,18,4897,0
features/cucumber_cli_outlines.feature,2009-01-11 19:49:25,2010-12-07 05:55:41,2857,18,4897,0
examples/self_test/features/outline_sample.feature,2009-01-11 19:49:25,2010-07-02 14:07:59,2654,0,1947,0
examples/i18n/fi/features/jakolasku.feature,2009-01-19 22:44:02,2026-03-18 05:23:25,6658,6,0,0
examples/i18n/fi/features/yhteenlasku.feature,2009-01-19 22:44:02,2026-03-18 05:23:25,6658,6,0,0
examples/self_test/features/call_undefined_step_from_step_def.feature,2009-01-21 02:49:12,2010-07-02 14:07:59,2458,27,1971,0
features/report_called_undefined_steps.feature,2009-01-21 02:49:12,2010-12-07 05:55:41,2661,45,4921,0
examples/jbehave/features/trading.feature,2009-01-22 01:59:27,2009-03-26 22:09:07,694,30,28,0
examples/self_test/features/lots_of_undefined.feature,2009-01-25 00:52:46,2010-07-02 14:07:59,2420,13,1953,0
examples/tickets/features/172.feature,2009-01-26 20:01:43,2010-07-02 14:10:13,2337,17,1963,0
examples/self_test/features/scenario_outline_passing_background.feature,2009-01-27 17:06:49,2009-01-27 19:23:12,2,2,5,0
examples/self_test/features/scenario_outline_failing_background.feature,2009-01-27 17:06:49,2009-01-27 19:23:12,2,2,5,0
examples/self_test/features/passing_background.feature,2009-01-27 17:06:49,2009-01-27 19:23:12,2,2,5,0
examples/self_test/features/pending_background.feature,2009-01-27 17:06:49,2009-01-27 19:23:12,2,2,5,0
examples/self_test/features/failing_background_after_success.feature,2009-01-27 17:06:49,2009-01-27 19:23:12,2,2,5,0
examples/self_test/features/failing_background.feature,2009-01-27 17:06:49,2009-01-27 19:23:12,2,2,5,0
features/background.feature,2009-01-27 17:06:49,2014-08-29 17:56:31,3463,38936,8723,0
examples/self_test/features/multiline_args_background.feature,2009-01-27 17:06:49,2009-01-27 19:23:12,2,2,5,0
examples/self_test/features/background/scenario_outline_passing_background.feature,2009-01-27 19:23:12,2010-07-02 14:07:59,2306,13,1956,0
examples/self_test/features/background/failing_background.feature,2009-01-27 19:23:12,2010-07-02 14:07:59,2306,13,1956,0
examples/self_test/features/background/failing_background_after_success.feature,2009-01-27 19:23:12,2010-07-02 14:07:59,2306,13,1956,0
examples/self_test/features/background/multiline_args_background.feature,2009-01-27 19:23:12,2010-07-02 14:07:59,2306,13,1956,0
examples/self_test/features/background/passing_background.feature,2009-01-27 19:23:12,2010-07-02 14:07:59,2306,13,1956,0
examples/self_test/features/background/pending_background.feature,2009-01-27 19:23:12,2010-07-02 14:07:59,2306,13,1956,0
examples/self_test/features/background/scenario_outline_failing_background.feature,2009-01-27 19:23:12,2010-07-02 14:07:59,2306,13,1956,0
examples/tickets/features/180.feature,2009-01-30 18:45:35,2010-07-02 14:10:13,2241,9,1956,0
examples/tickets/features/177-1.feature,2009-01-31 16:58:03,2009-02-01 16:45:17,6,4,5,0
examples/tickets/features/177-2.feature,2009-01-31 16:59:12,2009-02-01 16:45:17,4,4,5,0
examples/tickets/features/177/1.feature,2009-02-01 16:45:17,2010-07-02 14:10:13,2215,9,1956,0
examples/tickets/features/177/2.feature,2009-02-01 16:45:17,2010-07-02 14:10:13,2215,9,1956,0
examples/tickets/features/177/3.feature,2009-02-01 16:45:17,2010-07-02 14:10:13,2215,9,1956,0
features/custom_formatter.feature,2009-02-03 01:02:16,2014-08-29 17:56:31,3362,38940,8144,0
examples/i18n/zh-TW/features/addition.feature,2009-02-22 09:50:22,2026-03-18 05:23:25,6174,54,46,0
examples/i18n/zh-TW/features/division.feature,2009-02-22 09:50:22,2026-03-18 05:23:25,6174,54,46,0
examples/i18n/zh_TW/features/addition.feature,2009-02-23 16:14:23,2009-02-23 16:19:43,4,4,6,0
examples/i18n/zh_TW/features/division.feature,2009-02-23 16:14:23,2009-02-23 16:19:43,4,4,6,0
examples/sinatra/features/add.feature,2009-02-26 22:53:06,2024-01-12 19:35:21,6111,553,908,0
examples/self_test/features/failing_expectation.feature,2009-03-03 18:46:22,2010-07-02 14:07:59,1968,26,1967,0
features/cucumber_cli_diff_disabled.feature,2009-03-03 18:46:22,2010-07-02 03:27:13,1965,26,1964,0
examples/i18n/ru/features/addition.feature,2009-03-03 19:03:40,2026-03-18 05:23:25,6102,27,21,0
examples/i18n/ru/features/division.feature,2009-03-03 19:03:40,2026-03-18 05:23:25,6102,27,21,0
examples/i18n/ru/features/consecutive_calculations.feature,2009-03-04 06:11:39,2026-03-18 05:23:25,6098,26,21,0
examples/i18n/et/features/jagamine.feature,2009-03-11 22:44:00,2026-03-18 05:23:25,6042,23,17,0
examples/selenium_webrat/features/search.feature,2009-03-13 19:29:33,2010-05-10 02:20:56,1777,1798,3596,0
examples/tickets/features/236.feature,2009-03-18 00:03:05,2010-07-02 14:10:13,1829,8,1956,0
examples/i18n/en-lol/features/stuffing.feature,2009-03-18 19:08:46,2026-03-18 05:23:25,5948,4,0,0
examples/tickets/features/241.feature,2009-03-20 21:50:52,2010-07-02 14:10:13,1809,5,1952,0
examples/tickets/features/248.feature,2009-03-21 02:11:34,2010-07-02 14:10:13,1805,5,1952,0
features/usage.feature,2009-03-22 21:16:42,2009-09-27 05:49:53,937,157,354,0
examples/self_test/features/tons_of_cukes.feature,2009-03-24 10:34:02,2010-07-02 14:07:59,1776,5,1947,0
examples/tickets/features/246.feature,2009-03-30 19:59:46,2010-07-02 14:10:13,1711,27,1956,0
specs/cucumber/treetop_parser/with_tags.feature,2009-03-31 04:26:44,2009-04-07 12:36:39,26,9,10,0
specs/cucumber/treetop_parser/with_comments.feature,2009-03-31 04:26:44,2009-04-07 12:36:39,26,9,10,0
specs/cucumber/treetop_parser/test_dos.feature,2009-03-31 04:26:44,2009-04-07 12:36:39,26,9,10,0
specs/cucumber/treetop_parser/spaces.feature,2009-03-31 04:26:44,2009-04-07 12:36:39,26,9,10,0
specs/cucumber/treetop_parser/scenario_outline.feature,2009-03-31 04:26:44,2009-04-07 12:36:39,26,9,10,0
specs/cucumber/treetop_parser/multiple_tables.feature,2009-03-31 04:26:44,2009-04-07 12:36:39,26,9,10,0
specs/cucumber/treetop_parser/multiline_steps.feature,2009-03-31 04:26:44,2009-04-07 12:36:39,26,9,10,0
specs/cucumber/treetop_parser/given_scenario.feature,2009-03-31 04:26:44,2009-04-07 12:36:39,26,9,10,0
specs/cucumber/treetop_parser/fit_scenario.feature,2009-03-31 04:26:44,2009-04-07 12:36:39,26,9,10,0
specs/cucumber/treetop_parser/empty_scenario_outline.feature,2009-03-31 04:26:44,2009-04-07 12:36:39,26,9,10,0
specs/cucumber/treetop_parser/empty_scenario.feature,2009-03-31 04:26:44,2009-04-07 12:36:39,26,9,10,0
specs/cucumber/treetop_parser/empty_feature.feature,2009-03-31 04:26:44,2009-04-07 12:36:39,26,9,10,0
specs/cucumber/sell_cucumbers.feature,2009-03-31 04:26:44,2009-04-07 12:36:39,26,9,10,0
specs/cucumber/treetop_parser/invalid_scenario_outlines.feature,2009-03-31 04:26:44,2009-04-07 12:36:39,26,9,10,0
examples/i18n/sk/features/addition.feature,2009-04-01 20:58:56,2026-03-18 05:23:25,5826,28,4,0
examples/i18n/sk/features/division.feature,2009-04-01 20:58:56,2026-03-18 05:23:25,5826,28,4,0
features/snippet.feature,2009-04-02 05:20:11,2010-12-07 05:55:41,1894,48,4904,0
examples/self_test/features/undefined_multiline_args.feature,2009-04-02 05:20:11,2010-07-02 14:07:59,1691,30,1954,0
examples/self_test/features/background/background_with_name.feature,2009-04-04 21:56:28,2010-07-02 14:07:59,1690,27,1951,0
examples/i18n/bg/features/addition.feature,2009-04-07 17:56:00,2026-03-18 05:23:25,5781,38,15,0
examples/i18n/bg/features/consecutive_calculations.feature,2009-04-07 17:56:00,2026-03-18 05:23:25,5781,38,15,0
examples/i18n/bg/features/division.feature,2009-04-07 17:56:00,2026-03-18 05:23:25,5781,38,15,0
examples/tickets/features/270/back.feature,2009-04-08 04:03:19,2010-07-02 14:10:13,1657,35,1963,0
examples/tickets/features/279/py_string_indent.feature,2009-04-12 08:09:21,2010-07-02 14:10:13,1645,59,1966,0
features/rake_task.feature,2009-04-12 10:29:30,2010-12-07 05:55:41,1843,75,4908,0
examples/tickets/features/229/tagged_hooks.feature,2009-04-17 22:56:01,2010-07-02 14:10:13,1626,54,1960,0
examples/i18n/hu/features/addition.feature,2009-04-21 03:12:44,2010-06-10 22:02:22,1567,2073,3945,0
examples/i18n/hu/features/division.feature,2009-04-21 03:12:44,2010-06-10 22:02:22,1567,2073,3945,0
examples/tickets/features/272/hooks.feature,2009-04-22 11:55:44,2010-07-02 14:10:13,1599,109,1965,0
examples/i18n/lv/features/addition.feature,2009-04-23 14:26:13,2026-03-18 05:23:25,5718,90,13,0
examples/i18n/lv/features/division.feature,2009-04-23 14:26:13,2026-03-18 05:23:25,5718,90,13,0
features/multiline_names.feature,2009-04-23 14:36:18,2010-12-07 05:55:41,1799,113,4967,0
examples/self_test/features/multiline_name.feature,2009-04-23 14:36:18,2010-07-02 14:07:59,1596,95,2017,0
examples/tickets/features/306/only_background.feature,2009-04-27 01:04:30,2010-07-02 14:10:13,1579,72,1960,0
examples/tickets/features/301/filter_background_tagged_hooks.feature,2009-04-27 01:04:38,2010-07-02 14:10:13,1578,72,1960,0
examples/self_test/features/search_sample.feature,2009-04-27 03:59:32,2010-07-02 14:07:59,1570,94,1977,0
examples/i18n/he/features/addition.feature,2009-05-04 02:08:52,2026-03-18 05:23:25,5673,80,8,0
examples/i18n/he/features/division.feature,2009-05-04 02:08:52,2026-03-18 05:23:25,5673,80,8,0
examples/self_test/features/background/background_tagged_before_on_outline.feature,2009-05-08 03:21:01,2010-07-02 14:07:59,1532,80,1955,0
features/exclude_files.feature,2009-05-10 21:35:08,2010-12-07 05:55:41,1725,98,4905,0
examples/i18n/cat/features/suma.feature,2009-05-13 04:23:46,2010-04-10 23:24:03,1246,5513,7244,0
examples/junit/features/one_passing_one_failing.feature,2009-05-14 00:40:28,2010-07-02 14:07:59,1490,180,2105,0
features/junit_formatter.feature,2009-05-14 00:40:28,2010-12-07 05:55:41,1693,198,5055,0
examples/junit/features/pending.feature,2009-05-14 16:56:13,2010-07-02 14:07:59,1489,182,2105,0
features/expand.feature,2009-05-20 10:48:02,2010-12-07 05:55:41,1648,137,4980,0
features/after_block_exceptions.feature,2009-05-20 13:01:29,2009-09-08 05:28:31,459,150,242,0
features/after_step_block_exceptions.feature,2009-05-20 19:42:04,2009-09-08 05:28:31,452,207,294,0
features/work_in_progress.feature,2009-05-21 15:13:31,2010-12-07 05:55:41,1652,80,4923,0
features/html_formatter.feature,2009-05-24 23:35:18,2014-08-29 17:56:31,2093,43038,17012,0
features/cucumber_server.feature,2009-05-30 08:57:14,2009-05-30 08:57:14,1,34,34,0
features/spork_integration.feature,2009-05-30 08:57:14,2009-05-31 00:15:52,4,34,34,0
features/drb_server_integration.feature,2009-05-31 00:56:13,2014-08-29 17:56:31,2196,44191,19336,0
examples/i18n/pl/features/addition.feature,2009-06-03 18:08:30,2026-03-18 05:23:25,5491,136,102,0
examples/i18n/pl/features/division.feature,2009-06-03 18:08:30,2026-03-18 05:23:25,5491,136,102,0
features/steps_formatter.feature,2009-06-16 03:14:05,2009-09-29 04:13:19,465,144,237,0
features/language_from_header.feature,2009-06-16 03:33:00,2010-12-07 05:55:41,1519,162,4997,0
features/bug_371.feature,2009-06-16 19:42:12,2010-12-07 05:55:41,1514,158,4997,0
features/profiles.feature,2009-06-25 03:12:14,2010-12-07 05:55:41,1420,441,5291,0
features/table_diffing.feature,2009-07-02 00:33:34,2010-12-07 05:55:41,1478,253,5091,0
examples/tickets/features/table_diffing.feature,2009-07-02 00:33:34,2010-07-02 14:10:13,1276,235,2146,0
examples/self_test/features/unicode.feature,2009-07-12 02:57:35,2009-07-12 02:57:35,1,50,47,0
features/unicode_table.feature,2009-07-21 22:48:41,2010-12-07 05:55:41,1459,62,4897,0
examples/self_test/features/tags_sample.feature,2009-07-29 18:12:39,2010-07-02 14:07:59,1177,204,2076,0
examples/python/features/fibonacci.feature,2009-08-05 13:17:01,2014-08-29 17:56:31,2318,41524,15057,0
features/wire_protocol.feature,2009-08-25 02:47:23,2010-12-07 05:55:41,876,6890,10397,0
features/post_configuration_hook.feature,2009-08-29 13:30:31,2010-12-07 05:55:41,1226,530,5231,0
examples/i18n/uz/features/addition.feature,2009-09-06 00:28:09,2026-03-18 05:23:25,5125,126,64,0
examples/i18n/uz/features/consecutive_calculations.feature,2009-09-06 00:28:09,2026-03-18 05:23:25,5125,126,64,0
examples/i18n/uz/features/division.feature,2009-09-06 00:28:09,2026-03-18 05:23:25,5125,126,64,0
features/exception_in_after_step_block.feature,2009-09-07 04:58:16,2010-12-07 05:55:41,1205,260,5021,0
features/exception_in_before_block.feature,2009-09-07 04:58:16,2010-12-07 05:55:41,1205,260,5021,0
features/exception_in_after_block.feature,2009-09-07 04:58:16,2010-12-07 05:55:41,1205,260,5021,0
examples/self_test/features/transform_sample.feature,2009-09-14 02:32:28,2009-09-23 03:24:19,45,1192,1290,0
features/transform.feature,2009-09-14 02:53:11,2010-12-07 05:55:41,1173,630,5269,0
features/default_snippets.feature,2009-09-21 04:03:05,2010-12-07 05:55:41,1118,565,5143,0
features/negative_tagged_hooks.feature,2009-09-21 04:26:22,2010-11-30 00:48:42,1092,1084,2756,0
examples/ramaze/features/add.feature,2009-09-26 21:58:43,2014-08-29 17:56:31,1980,41744,15145,0
features/steps_and_usage_formatters.feature,2009-09-27 01:53:08,2009-09-29 04:13:19,13,354,294,0
features/usage_and_stepdefs_formatter.feature,2009-09-29 04:15:52,2010-11-30 00:48:42,1026,637,2266,0
features/simplest.feature,2009-10-02 11:31:39,2010-12-07 05:55:41,970,1269,5749,0
examples/ruby2python/features/fibonacci.feature,2009-10-03 00:55:27,2014-08-29 17:56:31,1918,42232,15518,0
features/language_help.feature,2009-10-04 21:49:07,2010-12-07 05:55:41,992,1119,5568,0
examples/i18n/tr/features/bölme.feature,2009-10-05 01:28:36,2009-10-19 00:49:21,124,976,1195,0
examples/i18n/tr/features/toplama.feature,2009-10-05 01:28:36,2026-03-18 05:23:25,4909,536,315,0
features/listener_debugger_formatter.feature,2009-10-05 18:19:43,2010-12-07 05:55:41,889,1716,5966,0
features/bug_475.feature,2009-10-06 16:29:43,2010-12-07 05:55:41,969,884,5420,0
features/table_mapping.feature,2009-10-08 18:44:42,2010-12-07 05:55:41,936,286,4897,0
examples/webrat/features/search.feature,2009-10-12 02:12:42,2010-07-16 23:11:45,742,2208,3888,0
features/bug_464.feature,2009-10-12 04:20:42,2010-12-07 05:55:41,905,1240,6171,0
examples/i18n/sr-latn/features/sabiranje.feature,2009-10-13 05:59:11,2010-04-10 23:24:03,423,6267,7699,0
examples/i18n/sr/features/sabiranje.feature,2009-10-13 05:59:11,2010-04-10 23:24:03,423,6267,7699,0
examples/i18n/tr/features/bolme.feature,2009-10-14 23:57:15,2026-03-18 05:23:25,4785,880,440,0
features/announce.feature,2009-10-19 00:49:21,2010-12-07 05:55:41,844,1686,5766,0
features/tag_logic.feature,2009-10-26 03:26:33,2010-11-30 00:48:42,781,4006,5214,0
examples/i18n/da/features/sammenlaegning.feature,2009-10-28 07:13:47,2026-03-18 05:23:25,4733,1578,1017,0
features/call_many_steps.feature,2009-11-04 02:47:30,2010-05-10 02:20:56,470,2864,3590,0
examples/i18n/fr/features/addition2.feature,2009-11-18 02:10:14,2026-03-18 05:23:25,4647,2818,1145,0
examples/tcl/features/fibonnacci.feature,2009-12-04 23:18:58,2023-12-08 19:57:20,4540,6099,4930,0
features/wire_protocol_table_diffing.feature,2009-12-14 22:11:20,2010-12-07 05:55:41,639,5146,8238,0
features/wire_protocol_timeouts.feature,2009-12-22 12:34:09,2010-12-07 05:55:41,608,4327,7167,0
features/rerun_formatter.feature,2010-01-21 10:05:35,2014-08-29 17:56:31,1173,45870,18008,0
features/wire_protocol_tags.feature,2010-02-25 21:11:33,2010-12-07 05:55:41,517,5121,7398,0
examples/tickets/features/half_manual.feature,2010-02-28 00:12:50,2010-07-02 14:10:13,315,3089,3097,0
features/snippets_when_using_star_keyword.feature,2010-03-09 22:24:26,2010-12-07 05:55:41,495,3476,6042,0
features/bug_585_tab_indentation.feature,2010-03-16 21:24:37,2010-12-07 05:55:41,486,1807,4897,0
examples/i18n/ca/features/suma.feature,2010-03-31 01:54:40,2026-03-18 05:23:25,4386,7184,5387,0
examples/i18n/sr-Cyrl/features/sabiranje.feature,2010-03-31 01:54:40,2026-03-18 05:23:25,4386,7184,5387,0
examples/i18n/sr-Latn/features/sabiranje.feature,2010-03-31 01:54:40,2026-03-18 05:23:25,4385,7196,5387,0
examples/i18n/sv/features/summering.feature,2010-03-31 01:54:40,2026-03-18 05:23:25,4386,7184,5387,0
examples/i18n/uk/features/consecutive_calculations.feature,2010-04-10 23:11:39,2026-03-18 05:23:25,4329,28818,26756,0
examples/i18n/uk/features/division.feature,2010-04-10 23:11:39,2026-03-18 05:23:25,4329,28818,26756,0
examples/i18n/uk/features/addition.feature,2010-04-10 23:11:39,2026-03-18 05:23:25,4329,28818,26756,0
examples/javascript/features/fibonacci.feature,2010-04-11 22:30:34,2010-06-08 20:45:23,129,24923,25356,0
examples/i18n/eo/features/adicio.feature,2010-04-16 04:16:04,2026-03-18 05:23:25,4286,10824,8938,0
examples/i18n/eo/features/divido.feature,2010-04-16 04:16:04,2026-03-18 05:23:25,4286,10824,8938,0
examples/i18n/ru-jargon/features/addition.feature,2010-04-16 06:29:15,2010-04-16 06:29:15,1,1794,1790,0
examples/i18n/ru-jargon/features/consecutive_calculations.feature,2010-04-16 06:29:15,2010-04-16 06:29:15,1,1794,1790,0
examples/i18n/ru-jargon/features/division.feature,2010-04-16 06:29:15,2010-04-16 06:29:15,1,1794,1790,0
features/bug_600.feature,2010-04-30 00:56:44,2010-12-07 05:55:41,312,5465,8456,0
features/call_steps_from_stepdefs.feature,2010-04-30 09:11:39,2010-12-07 05:55:41,316,3608,6687,0
features/around_hooks.feature,2010-05-08 22:48:25,2010-12-07 05:55:41,295,5597,8535,0
examples/tickets/features/around_timeout.feature,2010-05-29 22:08:42,2010-07-02 14:10:13,81,3738,3811,0
features/json_formatter.feature,2010-06-04 03:31:09,2014-08-29 17:56:31,1216,46710,14726,0
examples/json/features/one_passing_one_failing.feature,2010-06-04 03:31:09,2010-07-02 14:07:59,58,7784,7542,0
examples/json/features/outline.feature,2010-06-05 04:04:14,2010-06-06 22:30:00,5,3868,3834,0
examples/json/features/background.feature,2010-06-06 22:30:00,2010-07-02 14:07:59,49,3937,3804,0
examples/json/features/pystring.feature,2010-06-06 22:30:00,2010-07-02 14:07:59,49,3937,3804,0
examples/json/features/tables.feature,2010-06-06 22:43:45,2010-07-02 14:07:59,48,3937,3804,0
examples/v8/features/fibonacci.feature,2010-06-08 20:52:03,2014-08-29 17:56:31,1173,43409,14987,0
examples/i18n/hu/features/osszeadas.feature,2010-06-09 07:46:44,2026-03-18 05:23:25,4160,3932,1964,0
examples/i18n/hu/features/osztas.feature,2010-06-09 07:46:44,2026-03-18 05:23:25,4160,3932,1964,0
examples/json/features/embed.feature,2010-06-15 02:02:27,2010-07-02 14:07:59,28,1949,1947,0
features/diffing.feature,2010-07-02 14:03:15,2010-12-07 05:55:41,206,1962,4897,0
fixtures/self_test/features/background/scenario_outline_passing_background.feature,2010-07-02 14:10:13,2010-11-30 00:48:42,182,2441,2266,0
fixtures/self_test/features/background/scenario_outline_failing_background.feature,2010-07-02 14:10:13,2010-11-30 00:48:42,182,2441,2266,0
fixtures/self_test/features/background/pending_background.feature,2010-07-02 14:10:13,2010-11-30 00:48:42,182,2441,2266,0
fixtures/self_test/features/background/passing_background.feature,2010-07-02 14:10:13,2010-11-30 00:48:42,182,2441,2266,0
fixtures/self_test/features/background/multiline_args_background.feature,2010-07-02 14:10:13,2010-11-30 00:48:42,182,2441,2266,0
fixtures/self_test/features/background/failing_background_after_success.feature,2010-07-02 14:10:13,2010-11-30 00:48:42,182,2441,2266,0
fixtures/self_test/features/background/failing_background.feature,2010-07-02 14:10:13,2010-11-30 00:48:42,182,2441,2266,0
fixtures/self_test/features/background/background_with_name.feature,2010-07-02 14:10:13,2010-11-30 00:48:42,182,2441,2266,0
fixtures/self_test/features/background/background_tagged_before_on_outline.feature,2010-07-02 14:10:13,2010-11-30 00:48:42,182,2441,2266,0
fixtures/self_test/features/undefined_multiline_args.feature,2010-07-02 14:10:13,2014-08-29 17:56:31,1490,9765,4067,0
fixtures/self_test/features/tags_sample.feature,2010-07-02 14:10:13,2014-08-29 17:56:31,1490,9765,4067,0
fixtures/self_test/features/search_sample.feature,2010-07-02 14:10:13,2014-08-29 17:56:31,1490,9765,4067,0
fixtures/self_test/features/tons_of_cukes.feature,2010-07-02 14:10:13,2014-08-29 17:56:31,1490,9765,4067,0
fixtures/self_test/features/outline_sample.feature,2010-07-02 14:10:13,2014-08-29 17:56:31,1490,9765,4067,0
fixtures/json/features/background.feature,2010-07-02 14:10:13,2014-08-29 17:56:31,1490,9765,4067,0
fixtures/self_test/features/sample.feature,2010-07-02 14:10:13,2014-08-29 17:56:31,1490,9765,4067,0
fixtures/json/features/one_passing_one_failing.feature,2010-07-02 14:10:13,2014-08-29 17:56:31,1490,9765,4067,0
fixtures/json/features/pystring.feature,2010-07-02 14:10:13,2010-11-30 00:48:42,184,2441,3262,0
fixtures/json/features/tables.feature,2010-07-02 14:10:13,2014-08-29 17:56:31,1490,9765,4067,0
fixtures/junit/features/one_passing_one_failing.feature,2010-07-02 14:10:13,2014-08-29 17:56:31,1475,10071,4365,0
fixtures/json/features/embed.feature,2010-07-02 14:10:13,2014-08-29 17:56:31,1490,9765,4067,0
fixtures/self_test/features/call_undefined_step_from_step_def.feature,2010-07-02 14:10:13,2014-08-29 17:56:31,1490,9765,4067,0
fixtures/self_test/features/failing_expectation.feature,2010-07-02 14:10:13,2014-08-29 17:56:31,1490,9765,4067,0
fixtures/self_test/features/lots_of_undefined.feature,2010-07-02 14:10:13,2014-08-29 17:56:31,1490,9765,4067,0
fixtures/self_test/features/multiline_name.feature,2010-07-02 14:10:13,2014-08-29 17:56:31,1490,9765,4067,0
fixtures/junit/features/pending.feature,2010-07-02 14:10:13,2014-08-29 17:56:31,1475,10071,4365,0
fixtures/tickets/features/177/1.feature,2010-07-02 14:10:35,2014-08-29 17:56:31,1489,9770,4067,0
fixtures/tickets/features/306/only_background.feature,2010-07-02 14:10:35,2014-08-29 17:56:31,1489,9770,4067,0
fixtures/tickets/features/301/filter_background_tagged_hooks.feature,2010-07-02 14:10:35,2014-08-29 17:56:31,1489,9770,4067,0
fixtures/tickets/features/279/py_string_indent.feature,2010-07-02 14:10:35,2014-08-29 17:56:31,1489,9770,4067,0
fixtures/tickets/features/272/hooks.feature,2010-07-02 14:10:35,2014-08-29 17:56:31,1489,9770,4067,0
fixtures/tickets/features/270/back.feature,2010-07-02 14:10:35,2014-08-29 17:56:31,1489,9770,4067,0
fixtures/tickets/features/229/tagged_hooks.feature,2010-07-02 14:10:35,2014-08-29 17:56:31,1489,9770,4067,0
fixtures/tickets/features/177/3.feature,2010-07-02 14:10:35,2014-08-29 17:56:31,1489,9770,4067,0
fixtures/tickets/features/177/2.feature,2010-07-02 14:10:35,2014-08-29 17:56:31,1489,9770,4067,0
fixtures/tickets/features/tickets.feature,2010-07-02 14:10:35,2014-08-29 17:56:31,1489,9770,4067,0
fixtures/tickets/features/around_timeout.feature,2010-07-02 14:10:35,2014-08-29 17:56:31,1489,9770,4067,0
fixtures/tickets/features/scenario_outline.feature,2010-07-02 14:10:35,2014-08-29 17:56:31,1489,9770,4067,0
fixtures/tickets/features/half_manual.feature,2010-07-02 14:10:35,2014-08-29 17:56:31,1489,9770,4067,0
fixtures/tickets/features/table_diffing.feature,2010-07-02 14:10:35,2014-08-29 17:56:31,1489,9770,4067,0
fixtures/tickets/features/248.feature,2010-07-02 14:10:35,2014-08-29 17:56:31,1489,9770,4067,0
fixtures/tickets/features/246.feature,2010-07-02 14:10:35,2014-08-29 17:56:31,1489,9770,4067,0
fixtures/tickets/features/241.feature,2010-07-02 14:10:35,2014-08-29 17:56:31,1489,9770,4067,0
fixtures/tickets/features/236.feature,2010-07-02 14:10:35,2014-08-29 17:56:31,1489,9770,4067,0
fixtures/tickets/features/180.feature,2010-07-02 14:10:35,2014-08-29 17:56:31,1489,9770,4067,0
fixtures/tickets/features/172.feature,2010-07-02 14:10:35,2014-08-29 17:56:31,1489,9770,4067,0
examples/rspec_doubles/features/stubbing.feature,2010-07-06 02:18:27,2010-07-11 20:00:02,4,1952,1952,0
examples/rspec_doubles/features/mocking.feature,2010-07-12 03:26:33,2023-12-08 19:57:20,4047,1952,499,0
fixtures/tickets/features/gherkin_67.feature,2010-07-16 23:16:57,2014-08-29 17:56:31,1466,9762,4067,0
fixtures/tickets/features/gherkin_68.feature,2010-07-16 23:16:57,2014-08-29 17:56:31,1466,9762,4067,0
features/api/list_step_defs_as_json.feature,2010-09-26 22:29:17,2010-12-07 05:55:41,69,5865,8795,0
features/api/run_cli_main_with_existing_runtime.feature,2010-10-12 20:19:53,2010-12-07 05:55:41,50,5893,8819,0
aruba_features/hooks.feature,2010-11-07 05:12:35,2010-12-07 05:55:41,26,5615,7344,0
aruba_features/execute_with_tag_filter.feature,2010-11-13 23:55:29,2010-12-07 05:55:41,23,2863,5391,0
aruba_features/tagged_hooks.feature,2010-11-13 23:55:29,2010-12-07 05:55:41,23,2863,5391,0
aruba_features/background.feature,2010-11-14 00:07:20,2010-12-07 05:55:41,22,2863,5391,0
aruba_features/custom_formatter.feature,2010-11-19 01:12:35,2010-12-07 05:55:41,21,2284,5391,0
aruba_features/stats_formatters.feature,2010-11-19 01:12:35,2010-12-07 05:55:41,21,2284,5391,0
aruba_features/json_formatter.feature,2010-11-24 05:38:40,2010-12-07 05:55:41,19,3280,5391,0
legacy_features/language_help.feature,2010-12-07 05:58:07,2013-09-04 10:36:10,956,25623,1372,0
legacy_features/listener_debugger_formatter.feature,2010-12-07 05:58:07,2014-08-29 17:56:31,1044,38503,4611,0
legacy_features/multiline_names.feature,2010-12-07 05:58:07,2014-08-29 17:56:31,1024,38682,4780,0
legacy_features/post_configuration_hook.feature,2010-12-07 05:58:07,2014-08-29 17:56:31,1215,12849,3941,0
legacy_features/profiles.feature,2010-12-07 05:58:07,2014-08-29 17:56:31,1197,12849,3942,0
legacy_features/rake_task.feature,2010-12-07 05:58:07,2014-08-29 17:56:31,1231,12848,3940,0
legacy_features/report_called_undefined_steps.feature,2010-12-07 05:58:07,2014-08-29 17:56:31,1231,12880,3972,0
legacy_features/simplest.feature,2010-12-07 05:58:07,2014-08-29 17:56:31,1003,38432,4959,0
legacy_features/snippet.feature,2010-12-07 05:58:07,2014-08-29 17:56:31,1005,38432,5033,0
legacy_features/snippets_when_using_star_keyword.feature,2010-12-07 05:58:07,2014-08-29 17:56:31,1023,38834,4901,0
legacy_features/language_from_header.feature,2010-12-07 05:58:07,2014-08-29 17:56:31,1007,38432,4666,0
legacy_features/table_mapping.feature,2010-12-07 05:58:07,2014-08-29 17:56:31,1041,38534,4645,0
legacy_features/transform.feature,2010-12-07 05:58:07,2014-08-29 17:56:31,1010,38432,4596,0
legacy_features/unicode_table.feature,2010-12-07 05:58:07,2014-08-29 17:56:31,1039,38539,4642,0
legacy_features/wire_protocol.feature,2010-12-07 05:58:07,2014-08-29 17:56:31,1213,12849,3941,0
legacy_features/wire_protocol_table_diffing.feature,2010-12-07 05:58:07,2014-08-29 17:56:31,1213,12849,3941,0
legacy_features/wire_protocol_tags.feature,2010-12-07 05:58:07,2014-08-29 17:56:31,1213,12849,3941,0
legacy_features/wire_protocol_timeouts.feature,2010-12-07 05:58:07,2014-08-29 17:56:31,1213,12849,3941,0
legacy_features/work_in_progress.feature,2010-12-07 05:58:07,2014-08-29 17:56:31,1185,12851,3942,0
legacy_features/api/list_step_defs_as_json.feature,2010-12-07 05:58:07,2014-08-29 17:56:31,980,38432,5441,0
legacy_features/api/run_cli_main_with_existing_runtime.feature,2010-12-07 05:58:07,2014-08-29 17:56:31,980,38432,5441,0
legacy_features/table_diffing.feature,2010-12-07 05:58:07,2014-08-29 17:56:31,1008,38432,4613,0
legacy_features/junit_formatter.feature,2010-12-07 05:58:07,2014-08-29 17:56:31,1257,12777,4697,0
legacy_features/rerun_formatter.feature,2010-12-07 05:58:07,2014-08-29 17:56:31,1023,38765,4814,0
legacy_features/expand.feature,2010-12-07 05:58:07,2014-08-29 17:56:31,1039,38537,4701,0
features/hooks.feature,2010-12-07 05:58:07,2013-04-10 00:39:37,752,11221,7779,0
features/stats_formatters.feature,2010-12-07 05:58:07,2014-08-29 17:56:31,974,38432,5869,0
features/tagged_hooks.feature,2010-12-07 05:58:07,2014-08-29 17:56:31,974,38432,5869,0
legacy_features/announce.feature,2010-12-07 05:58:07,2014-08-29 17:56:31,976,38432,5819,0
legacy_features/around_hooks.feature,2010-12-07 05:58:07,2014-08-29 17:56:31,978,38432,5487,0
legacy_features/bug_371.feature,2010-12-07 05:58:07,2014-08-29 17:56:31,979,38432,5474,0
legacy_features/bug_464.feature,2010-12-07 05:58:07,2014-08-29 17:56:31,1043,38563,4646,0
legacy_features/bug_475.feature,2010-12-07 05:58:07,2014-08-29 17:56:31,1042,38529,4610,0
legacy_features/bug_585_tab_indentation.feature,2010-12-07 05:58:07,2014-08-29 17:56:31,1045,38503,4610,0
legacy_features/bug_600.feature,2010-12-07 05:58:07,2014-08-29 17:56:31,1071,34020,4469,0
features/execute_with_tag_filter.feature,2010-12-07 05:58:07,2014-08-29 17:56:31,974,38432,5869,0
legacy_features/cucumber_cli.feature,2010-12-07 05:58:07,2014-08-29 17:56:31,1078,33984,4436,0
legacy_features/cucumber_cli_outlines.feature,2010-12-07 05:58:07,2014-08-29 17:56:31,1001,38432,4931,0
legacy_features/html_formatter.feature,2010-12-07 05:58:07,2013-02-26 03:39:36,525,4897,3162,0
legacy_features/default_snippets.feature,2010-12-07 05:58:07,2014-08-29 17:56:31,1027,38629,4662,0
legacy_features/diffing.feature,2010-12-07 05:58:07,2014-08-29 17:56:31,1002,38432,5316,0
legacy_features/drb_server_integration.feature,2010-12-07 05:58:07,2014-08-29 17:56:31,966,38432,6937,0
legacy_features/exception_in_after_block.feature,2010-12-07 05:58:07,2014-08-29 17:56:31,1200,12851,3941,0
legacy_features/exception_in_after_step_block.feature,2010-12-07 05:58:07,2014-08-29 17:56:31,1200,12851,3941,0
legacy_features/exception_in_before_block.feature,2010-12-07 05:58:07,2014-08-29 17:56:31,1200,12851,3941,0
legacy_features/exclude_files.feature,2010-12-07 05:58:07,2014-08-29 17:56:31,1006,38432,4990,0
legacy_features/call_steps_from_stepdefs.feature,2010-12-07 05:58:07,2013-04-10 00:39:37,710,20677,15486,0
examples/i18n/ro/features/adunare.feature,2011-01-08 17:08:33,2026-03-18 05:23:25,3876,4923,3232,0
legacy_features/wire_protocol_erb.feature,2011-03-12 03:05:19,2014-08-29 17:56:31,1150,13102,7216,0
features/bootstrap.feature,2011-03-14 00:30:18,2014-08-29 17:56:31,933,36855,8500,0
features/transforms.feature,2011-03-21 00:40:10,2014-08-29 17:56:31,916,37159,7513,0
features/iso-8859-1.feature,2011-03-21 00:54:26,2014-08-29 17:56:31,920,35295,5521,0
fixtures/junit/features/some_subdirectory/one_passing_one_failing.feature,2011-05-23 03:51:14,2014-08-29 17:56:31,1171,12063,6336,0
fixtures/junit/features/scenario_outline.feature,2011-06-01 18:10:27,2014-08-29 17:56:31,1153,12146,6367,0
features/issue_117.feature,2011-09-07 17:38:03,2012-11-09 02:47:22,114,11616,12069,0
features/doc_strings.feature,2011-09-07 17:58:17,2014-08-29 17:56:31,755,37837,7875,0
features/nested_steps.feature,2011-10-31 03:17:23,2014-08-29 17:56:31,718,40562,10486,0
features/issue_57.feature,2011-11-07 13:51:11,2012-11-09 02:47:22,64,14327,14917,0
features/formatter_step_file_colon_line.feature,2011-11-25 00:08:47,2014-08-29 17:56:31,616,41546,10670,0
features/backtraces.feature,2012-04-22 03:23:32,2014-08-29 17:56:31,598,42827,10783,0
features/run_specific_scenarios.feature,2012-04-30 21:43:43,2014-08-29 17:56:31,582,42885,11367,0
examples/i18n/cs/features/division.feature,2012-11-02 04:50:12,2026-03-18 05:23:25,3450,9454,6273,0
examples/i18n/cs/features/addition.feature,2012-11-02 04:50:12,2026-03-18 05:23:25,3450,9454,6273,0
features/step_definitions.feature,2012-11-17 21:55:21,2014-08-29 17:56:31,528,39805,8993,0
examples/i18n/hi/features/addition.feature,2013-02-19 03:18:36,2026-03-18 05:23:25,3455,9449,6264,0
examples/i18n/hi/features/division.feature,2013-02-19 03:18:36,2026-03-18 05:23:25,3455,9449,6264,0
features/nested_steps_with_second_arg.feature,2013-02-22 14:50:35,2014-08-29 17:56:31,483,42995,12134,0
features/formatter_callbacks.feature,2013-02-26 00:51:03,2014-08-29 17:56:31,458,36691,5851,0
features/assertions.feature,2013-02-27 05:34:56,2014-08-29 17:56:31,431,36677,5851,0
features/load_path.feature,2013-03-20 02:04:42,2014-08-29 17:56:31,293,52729,24766,0
features/raketask.feature,2013-03-27 16:30:02,2014-08-29 17:56:31,266,49593,21295,0
legacy_features/bug_175.feature,2013-04-02 06:01:34,2013-04-02 09:17:43,3,3160,2576,0
features/pretty_formatter.feature,2013-04-03 08:23:05,2014-08-29 17:56:31,244,43943,14753,0
features/progress_formatter.feature,2013-04-03 08:23:05,2014-08-29 17:56:31,244,43943,14753,0
features/before_hook.feature,2013-04-10 00:41:00,2014-08-29 17:56:31,205,43978,13637,0
features/nested_steps_i18n.feature,2013-04-11 01:59:04,2014-08-29 17:56:31,195,38773,8444,0
features/parsing.feature,2013-04-23 20:15:43,2014-08-29 17:56:31,153,38822,8475,0
features/getting_started.feature,2013-05-10 11:59:12,2013-05-10 13:26:58,6,2379,1034,0
features/implementing_step_definitions/transforms.feature,2013-05-10 13:11:31,2013-05-10 13:26:58,3,1364,1034,0
features/running_cucumber_from_the_command_line/execute_with_tag_filter.feature,2013-05-10 13:11:31,2013-05-10 13:26:58,3,1364,1034,0
features/running_cucumber_from_the_command_line/run_specific_scenarios.feature,2013-05-10 13:11:31,2013-05-10 13:26:58,3,1364,1034,0
features/writing_features_with_gherkin/background.feature,2013-05-10 13:11:31,2013-05-10 13:26:58,3,1364,1034,0
features/writing_support_code/load_path.feature,2013-05-10 13:11:31,2013-05-10 13:26:58,3,1364,1034,0
features/writing_features_with_gherkin/parsing.feature,2013-05-10 13:11:31,2013-05-10 13:26:58,3,1364,1034,0
features/writing_support_code/before_hook.feature,2013-05-10 13:11:31,2013-05-10 13:26:58,3,1364,1034,0
features/implementing_step_definitions/one_line_step_definitions.feature,2013-05-10 13:11:31,2013-05-10 13:26:58,3,1364,1034,0
features/writing_support_code/tagged_hooks.feature,2013-05-10 13:11:31,2013-05-10 13:26:58,3,1364,1034,0
features/writing_features_with_gherkin/doc_strings.feature,2013-05-10 13:11:31,2013-05-10 13:26:58,3,1364,1034,0
features/implementing_step_definitions/nested_steps_with_second_arg.feature,2013-05-10 13:11:31,2013-05-10 13:26:58,3,1364,1034,0
features/running_cucumber_from_the_command_line/backtraces.feature,2013-05-10 13:11:31,2013-05-10 13:26:58,3,1364,1034,0
features/implementing_step_definitions/nested_steps.feature,2013-05-10 13:11:31,2013-05-10 13:26:58,3,1364,1034,0
features/implementing_step_definitions/nested_steps_i18n.feature,2013-05-10 13:11:31,2013-05-10 13:26:58,3,1364,1034,0
features/extending_cucumber/custom_formatter.feature,2013-05-10 13:11:31,2013-05-10 13:26:58,3,1364,1034,0
features/extending_cucumber/formatter_callbacks.feature,2013-05-10 13:11:31,2013-05-10 13:26:58,3,1364,1034,0
features/formatters/html_formatter.feature,2013-05-10 13:11:31,2013-05-10 13:26:58,3,1364,1034,0
features/formatters/json_formatter.feature,2013-05-10 13:11:31,2013-05-10 13:26:58,3,1364,1034,0
features/formatters/formatter_step_file_colon_line.feature,2013-05-10 13:11:31,2013-05-10 13:26:58,3,1364,1034,0
features/formatters/progress_formatter.feature,2013-05-10 13:11:31,2013-05-10 13:26:58,3,1364,1034,0
features/formatters/rerun_formatter.feature,2013-05-10 13:11:31,2013-05-10 13:26:58,3,1364,1034,0
features/formatters/usage_formatter.feature,2013-05-10 13:11:31,2013-05-10 13:26:58,3,1364,1034,0
features/implementing_step_definitions/assertions.feature,2013-05-10 13:11:31,2013-05-10 13:26:58,3,1364,1034,0
features/formatters/pretty_formatter.feature,2013-05-10 13:11:31,2013-05-10 13:26:58,3,1364,1034,0
features/implementing_step_definitions/printing_messages.feature,2013-05-10 13:26:58,2013-05-10 13:26:58,1,1314,1034,0
features/docs/formatters/rerun_formatter.feature,2013-05-13 16:04:10,2026-03-18 05:23:25,2946,5521,33535,0
features/docs/formatters/html_formatter.feature,2013-05-13 16:04:10,2018-07-24 08:41:30,1899,5951,34395,0
features/docs/formatters/json_formatter.feature,2013-05-13 16:04:10,2026-03-18 05:23:25,2946,5521,33535,0
features/docs/formatters/pretty_formatter.feature,2013-05-13 16:04:10,2026-03-18 05:23:25,2946,5521,33535,0
features/docs/formatters/progress_formatter.feature,2013-05-13 16:04:10,2026-03-18 05:23:25,2946,5521,33535,0
features/docs/formatters/usage_formatter.feature,2013-05-13 16:04:10,2026-03-18 05:23:25,2946,5521,33535,0
features/docs/writing_support_code/tagged_hooks.feature,2013-05-13 16:04:10,2026-03-18 05:23:25,2946,5521,33535,0
features/docs/gherkin/doc_strings.feature,2013-05-13 16:04:10,2026-03-18 05:23:25,2946,5521,33535,0
features/docs/gherkin/parsing.feature,2013-05-13 16:04:10,2014-12-30 14:07:51,669,5637,31257,0
features/docs/writing_support_code/before_hook.feature,2013-05-13 16:04:10,2021-10-12 22:43:18,2740,5521,34239,0
features/docs/writing_support_code/load_path.feature,2013-05-13 16:04:10,2026-03-18 05:23:25,2946,5521,33535,0
features/docs/formatters/formatter_step_file_colon_line.feature,2013-05-13 16:04:10,2017-09-28 00:42:40,1584,5961,34429,0
features/docs/gherkin/background.feature,2013-05-13 16:04:10,2026-03-18 05:23:25,2946,5521,33535,0
features/docs/extending_cucumber/formatter_callbacks.feature,2013-05-13 16:04:10,2014-12-30 14:07:51,762,5774,34141,0
features/docs/defining_steps/printing_messages.feature,2013-05-13 16:04:10,2026-03-18 05:23:25,2946,5521,33535,0
features/docs/defining_steps/transforms.feature,2013-05-13 16:04:10,2017-06-22 13:09:10,1208,5982,33835,0
features/docs/getting_started.feature,2013-05-13 16:04:10,2026-03-18 05:23:25,2946,5521,33535,0
features/docs/iso-8859-1.feature,2013-05-13 16:04:10,2026-03-18 05:23:25,2946,5521,33535,0
features/docs/raketask.feature,2013-05-13 16:04:10,2026-03-18 05:23:25,2946,5521,33535,0
features/docs/cli/execute_with_tag_filter.feature,2013-05-13 16:04:10,2026-03-18 05:23:25,2946,5521,33535,0
features/docs/cli/run_specific_scenarios.feature,2013-05-13 16:04:10,2026-03-18 05:23:25,2946,5521,33535,0
features/docs/cli/backtraces.feature,2013-05-13 16:04:10,2026-03-18 05:23:25,2946,5521,33535,0
features/docs/defining_steps/nested_steps.feature,2013-05-13 16:04:10,2026-03-18 05:23:25,2946,5521,33535,0
features/docs/defining_steps/nested_steps_i18n.feature,2013-05-13 16:04:10,2026-03-18 05:23:25,2946,5521,33535,0
features/docs/defining_steps/nested_steps_with_second_arg.feature,2013-05-13 16:04:10,2026-03-18 05:23:25,2946,5521,33535,0
features/docs/defining_steps/one_line_step_definitions.feature,2013-05-13 16:04:10,2026-03-18 05:23:25,2946,5521,33535,0
features/docs/extending_cucumber/custom_formatter.feature,2013-05-13 16:04:10,2026-03-18 05:23:25,2946,5521,33535,0
features/docs/defining_steps/assertions.feature,2013-05-13 16:04:10,2014-03-30 12:47:31,502,3527,25827,0
features/docs/writing_support_code/around_hooks.feature,2013-05-13 16:10:10,2021-10-12 22:43:18,2739,5469,34239,0
features/docs/api/list_step_defs_as_json.feature,2013-05-13 16:21:27,2026-03-18 05:23:25,2943,5423,33535,0
features/docs/api/run_cli_main_with_existing_runtime.feature,2013-05-13 16:21:27,2026-03-18 05:23:25,2943,5423,33535,0
features/docs/gherkin/outlines.feature,2013-05-15 19:51:45,2026-03-18 05:23:25,2922,4913,33535,0
features/docs/cli/showing_differences.feature,2013-05-15 19:56:36,2026-03-18 05:23:25,2921,5298,33535,0
features/docs/gherkin/language_help.feature,2013-05-15 22:29:53,2017-07-25 01:18:23,1478,2751,22689,0
features/docs/defining_steps/snippets.feature,2013-05-16 00:16:09,2026-03-18 05:23:25,2918,5015,33535,0
features/docs/cli/exclude_files.feature,2013-05-16 00:18:28,2026-03-18 05:23:25,2917,4972,33535,0
features/docs/gherkin/language_from_header.feature,2013-05-16 00:19:56,2026-03-18 05:23:25,2916,4648,33535,0
features/docs/defining_steps/table_diffing.feature,2013-05-16 00:20:07,2026-03-18 05:23:25,2915,4595,33535,0
features/docs/defining_steps/using_table_mapping.feature,2013-05-16 02:39:30,2013-11-06 01:23:04,263,3490,28438,0
features/docs/cli/rerun_only_some_features.feature,2013-05-16 12:47:14,2013-05-16 12:47:14,1,67,67,0
features/docs/gherkin/multiline_names.feature,2013-05-16 13:01:11,2013-05-16 13:01:11,1,67,71,0
features/docs/gherkin/using_star_notation.feature,2013-05-16 13:27:57,2026-03-18 05:23:25,2900,4883,33937,0
features/docs/gherkin/unicode_table.feature,2013-05-16 13:40:38,2023-12-08 19:57:20,2812,4624,34141,0
features/docs/gherkin/using_descriptions.feature,2013-05-16 17:58:49,2026-03-18 05:23:25,2898,4695,33714,0
features/docs/cli/strict_mode.feature,2013-05-17 13:11:49,2026-03-18 05:23:25,2882,4628,33640,0
features/docs/cli/require.feature,2013-05-17 13:25:15,2026-03-18 05:23:25,2880,4628,33640,0
features/docs/gherkin/expand_option_for_outlines.feature,2013-05-18 18:58:19,2026-03-18 05:23:25,2884,4683,33640,0
features/docs/formatters/debug_formatter.feature,2013-05-18 19:27:28,2017-06-22 13:09:10,1217,5243,34278,0
features/docs/cli/specifying_multiple_formatters.feature,2013-06-27 21:45:11,2026-03-18 05:23:25,2847,4468,29121,0
features/docs/cli/autoformatting.feature,2013-06-28 02:13:28,2013-08-15 21:27:18,58,332,8194,0
features/docs/cli/run_scenarios_matching_name.feature,2013-07-02 17:47:37,2026-03-18 05:23:25,2845,4418,29087,0
fixtures/junit/features/scenario_outline_with_skipped_cases.feature,2013-07-05 17:19:48,2013-10-02 15:50:58,179,972,19288,0
examples/i18n/el/features/addition.feature,2013-07-07 13:02:31,2026-03-18 05:23:25,2829,4414,22997,0
examples/i18n/el/features/division.feature,2013-07-07 13:02:31,2026-03-18 05:23:25,2829,4414,22997,0
features/docs/work_in_progress.feature,2013-09-19 17:53:26,2026-03-18 05:23:25,2738,3924,7954,0
features/docs/profiles.feature,2013-09-20 21:37:06,2026-03-18 05:23:25,2726,3924,7952,0
features/docs/exception_in_after_step_block.feature,2013-09-21 15:08:08,2014-04-06 05:07:28,287,1929,246,0
features/docs/exception_in_before_block.feature,2013-09-21 15:08:08,2014-04-05 23:23:22,286,1929,246,0
features/docs/exception_in_after_block.feature,2013-09-21 15:08:08,2014-04-05 23:20:53,285,1929,246,0
features/docs/wire_protocol.feature,2013-09-21 16:16:34,2015-03-19 01:45:18,612,3930,7968,0
features/docs/wire_protocol_erb.feature,2013-09-21 16:16:34,2015-03-19 01:45:18,612,3930,7968,0
features/docs/wire_protocol_table_diffing.feature,2013-09-21 16:16:34,2015-03-19 01:45:18,612,3930,7968,0
features/docs/wire_protocol_tags.feature,2013-09-21 16:16:34,2015-03-19 01:45:18,612,3930,7968,0
features/docs/wire_protocol_timeouts.feature,2013-09-21 16:16:34,2015-03-19 01:45:18,612,3930,7968,0
features/docs/post_configuration_hook.feature,2013-09-21 18:15:04,2021-10-12 22:43:18,2502,3923,8656,0
features/docs/report_called_undefined_steps.feature,2013-09-21 20:42:58,2015-03-19 19:28:49,618,3954,7992,0
features/docs/rake_task.feature,2013-09-22 17:27:28,2026-03-18 05:23:25,2692,3922,7951,0
features/docs/formatters/junit_formatter.feature,2013-09-27 15:19:45,2026-03-18 05:23:25,2666,4679,7880,0
features/docs/writing_support_code/hook_order.feature,2013-11-15 23:07:08,2021-10-12 22:43:18,2338,4268,9031,0
features/autoformat_profile_output.feature,2013-11-16 17:58:30,2014-08-29 17:56:31,52,7818,3731,0
examples/i18n/ht/features/adisyon.feature,2014-02-13 20:51:49,2026-03-18 05:23:25,2110,239,254,0
examples/i18n/ht/features/divizyon.feature,2014-02-13 20:51:49,2026-03-18 05:23:25,2110,239,254,0
features/docs/exception_in_after_hook.feature,2014-04-05 23:23:22,2026-03-18 05:23:25,2438,2104,7818,0
features/docs/exception_in_before_hook.feature,2014-04-06 05:07:28,2026-03-18 05:23:25,2437,2104,7818,0
features/docs/exception_in_after_step_hook.feature,2014-04-09 00:57:14,2026-03-18 05:23:25,2436,2104,7818,0
features/docs/cli/randomize.feature,2014-04-16 18:06:31,2026-03-11 07:13:28,2428,2103,8241,0
features/docs/cli/dry_run.feature,2014-07-06 17:21:32,2026-03-18 05:23:25,2378,955,5465,0
features/docs/defining_steps/skip_scenario.feature,2014-07-09 14:28:36,2026-03-18 05:23:25,2377,684,5465,0
features/docs/writing_support_code/state.feature,2014-08-22 18:11:50,2026-03-18 05:23:25,2272,467,2859,0
features/docs/output_from_hooks.feature,2014-09-12 17:19:03,2014-12-19 00:12:17,44,80,356,0
features/docs/writing_support_code/after_hooks.feature,2014-09-14 19:24:21,2021-10-12 22:43:18,2016,330,957,0
features/docs/extending_cucumber/custom_filter.feature,2015-02-09 00:07:19,2026-03-18 05:23:25,2128,28,0,0
features/docs/wire_protocol/wire_protocol.feature,2015-03-14 19:57:46,2015-03-14 19:57:46,1,7,9,0
features/docs/wire_protocol/wire_protocol_erb.feature,2015-03-14 19:57:46,2015-03-14 19:57:46,1,7,9,0
features/docs/wire_protocol/wire_protocol_table_diffing.feature,2015-03-14 19:57:46,2015-03-14 19:57:46,1,7,9,0
features/docs/wire_protocol/wire_protocol_tags.feature,2015-03-14 19:57:46,2015-03-14 19:57:46,1,7,9,0
features/docs/wire_protocol/wire_protocol_timeouts.feature,2015-03-14 19:57:46,2015-03-14 19:57:46,1,7,9,0
features/docs/wire_protocol/timeouts.feature,2015-03-15 14:39:59,2015-12-24 04:50:32,272,18,14,0
features/docs/wire_protocol/tags.feature,2015-03-15 14:39:59,2015-12-24 04:50:32,272,18,14,0
features/docs/wire_protocol/table_diffing.feature,2015-03-15 14:39:59,2015-12-24 04:50:32,272,18,14,0
features/docs/wire_protocol/step_matches_message.feature,2015-03-15 14:39:59,2015-12-24 04:50:32,272,18,14,0
features/docs/wire_protocol/invoke_message.feature,2015-03-15 14:39:59,2015-12-24 04:50:32,272,18,14,0
features/docs/wire_protocol/handle_unexpected_response.feature,2015-03-15 14:39:59,2015-12-24 04:50:32,272,18,14,0
features/docs/wire_protocol/erb_configuration.feature,2015-03-15 14:39:59,2015-12-24 04:50:32,272,18,14,0
features/docs/wire_protocol/snippets_message.feature,2015-03-15 14:39:59,2015-12-24 04:50:32,272,18,14,0
features/docs/exception_in_around_hook.feature,2015-03-19 04:11:29,2026-03-18 05:23:25,2084,18,6,0
features/docs/cli/finding_steps.feature,2015-04-30 05:51:32,2026-03-18 05:23:25,2031,12,6,0
features/docs/cli/fail_fast.feature,2015-08-09 08:01:42,2026-03-18 05:23:25,1909,30,21,0
features/docs/api/listen_for_events.feature,2015-09-04 14:49:53,2026-03-18 05:23:25,1917,18,12,0
features/docs/formatters/custom_formatter.feature,2015-12-24 04:50:29,2016-01-08 17:16:14,2,831,433,0
features/docs/formatters/api_methods.feature,2016-01-08 17:17:14,2026-03-18 05:23:25,1793,415,0,0
features/docs/writing_support_code/after_step_hooks.feature,2016-04-20 02:52:28,2021-10-12 22:43:18,1536,752,1165,0
features/docs/writing_support_code/transforms.feature,2016-04-26 19:58:48,2017-08-03 14:29:20,314,2535,3276,0
features/docs/cli/retry_failing_tests.feature,2016-05-21 00:11:26,2026-03-18 05:23:25,1725,304,461,0
features/docs/cli/help.feature,2016-07-07 23:20:06,2026-03-18 05:23:25,1696,750,475,0
features/docs/formatters/summary_formatter.feature,2016-08-19 19:11:07,2026-03-18 05:23:25,1686,512,461,0
features/docs/writing_support_code/world_namespaces.feature,2016-09-02 16:51:13,2016-09-02 16:51:13,1,228,228,0
features/docs/writing_support_code/world.feature,2016-09-03 03:40:40,2026-03-18 05:23:25,1669,483,461,0
features/docs/events/step_activated_event.feature,2017-02-15 04:30:23,2026-03-18 05:23:25,1583,524,461,0
features/docs/events/step_definition_registered_event.feature,2017-02-15 04:30:23,2026-03-18 05:23:25,1583,524,461,0
features/docs/events/test_case_finished_event.feature,2017-02-15 04:30:23,2026-03-18 05:23:25,1583,524,461,0
features/docs/events/test_case_starting_event.feature,2017-02-15 04:30:23,2017-08-09 03:57:40,174,524,836,0
features/docs/events/test_run_finished_event.feature,2017-02-15 04:30:23,2026-03-18 05:23:25,1583,524,461,0
features/docs/events/test_step_finished_event.feature,2017-02-15 04:30:23,2026-03-18 05:23:25,1583,524,461,0
features/docs/events/test_step_starting_event.feature,2017-02-15 04:30:23,2017-08-09 03:57:40,174,524,836,0
features/docs/events/gherkin_source_read_event.feature,2017-06-22 00:40:56,2026-03-18 05:23:25,1528,588,461,0
features/docs/events/test_run_starting_event.feature,2017-06-25 00:42:26,2017-08-09 03:57:40,110,1026,979,0
features/docs/cli/i18n.feature,2017-07-03 17:35:32,2026-03-18 05:23:25,1489,1963,1397,0
features/docs/writing_support_code/parameter_types.feature,2017-07-14 03:23:50,2026-03-18 05:23:25,1424,2815,2235,0
features/docs/events/test_case_started_event.feature,2017-08-11 05:19:41,2026-03-18 05:23:25,1409,375,0,0
features/docs/events/test_run_started_event.feature,2017-08-11 05:19:41,2026-03-18 05:23:25,1409,375,0,0
features/docs/events/test_step_started_event.feature,2017-08-11 05:19:41,2026-03-18 05:23:25,1409,375,0,0
features/docs/defining_steps/ambiguous_steps.feature,2017-08-11 05:27:59,2026-03-18 05:23:25,1408,438,0,0
features/bugs/1238.feature,2018-01-08 00:40:50,2018-01-08 00:40:50,1,438,431,0
features/docs/formatters/dots_formatter.feature,2018-10-05 15:51:15,2019-10-31 16:32:15,104,1756,2218,0
features/docs/gherkin/rule.feature,2019-10-30 19:54:33,2026-03-18 05:23:25,836,2225,1317,0
features/docs/gherkin/example.feature,2019-10-30 20:02:57,2026-03-18 05:23:25,835,2372,1317,0
features/docs/formatters/message.feature,2020-01-16 14:28:05,2026-03-18 05:23:25,795,1403,1178,0
features/docs/formatters/gherkin_6.feature,2020-03-16 13:57:50,2026-03-18 05:23:25,637,701,0,0
features/docs/formatters/html.feature,2020-03-16 18:40:10,2026-03-18 05:23:25,632,718,0,0
noruba/docs/getting_started.feature,2020-03-17 15:05:05,2020-03-21 02:19:59,12,1304,1420,0
noruba/docs/work_in_progress.feature,2020-03-17 15:05:59,2020-03-21 02:19:59,11,1277,1420,0
noruba/docs/profiles.feature,2020-03-17 15:07:05,2020-03-21 02:19:59,10,1277,1420,0
noruba/docs/iso-8859-1.feature,2020-03-17 17:55:36,2020-03-21 02:19:59,9,1180,1420,0
noruba/docs/exception_in_after_hook.feature,2020-03-17 18:22:53,2020-03-21 02:19:59,8,1180,1420,0
noruba/docs/exception_in_after_step_hook.feature,2020-03-17 18:22:53,2020-03-21 02:19:59,8,1180,1420,0
noruba/docs/exception_in_around_hook.feature,2020-03-17 18:22:53,2020-03-21 02:19:59,8,1180,1420,0
noruba/docs/exception_in_before_hook.feature,2020-03-17 18:22:53,2020-03-21 02:19:59,8,1180,1420,0
noruba/docs/api/run_cli_main_with_existing_runtime.feature,2020-03-17 18:24:40,2020-03-21 02:19:59,7,1180,1420,0
noruba/docs/api/list_step_defs_as_json.feature,2020-03-17 18:24:40,2020-03-21 02:19:59,7,1180,1420,0
noruba/docs/api/listen_for_events.feature,2020-03-17 18:24:40,2020-03-21 02:19:59,7,1180,1420,0
noruba/docs/rake_task.feature,2020-03-17 18:24:40,2020-03-21 02:19:59,7,1180,1420,0
noruba/docs/raketask.feature,2020-03-17 18:24:40,2020-03-21 02:19:59,7,1180,1420,0
noruba/docs/cli/require.feature,2020-03-17 21:26:56,2020-03-21 02:19:59,6,605,1420,0
noruba/docs/cli/strict_mode.feature,2020-03-17 21:26:56,2020-03-21 02:19:59,6,605,1420,0
noruba/docs/cli/specifying_multiple_formatters.feature,2020-03-17 21:26:56,2020-03-21 02:19:59,6,605,1420,0
noruba/docs/cli/showing_differences.feature,2020-03-17 21:26:56,2020-03-21 02:19:59,6,605,1420,0
noruba/docs/cli/run_specific_scenarios.feature,2020-03-17 21:26:56,2020-03-21 02:19:59,6,605,1420,0
noruba/docs/cli/run_scenarios_matching_name.feature,2020-03-17 21:26:56,2020-03-21 02:19:59,6,605,1420,0
noruba/docs/cli/retry_failing_tests.feature,2020-03-17 21:26:56,2020-03-21 02:19:59,6,605,1420,0
noruba/docs/cli/randomize.feature,2020-03-17 21:26:56,2020-03-21 02:19:59,6,605,1420,0
noruba/docs/cli/fail_fast.feature,2020-03-17 21:26:56,2020-03-21 02:19:59,6,605,1420,0
noruba/docs/cli/help.feature,2020-03-17 21:26:56,2020-03-21 02:19:59,6,605,1420,0
noruba/docs/cli/finding_steps.feature,2020-03-17 21:26:56,2020-03-21 02:19:59,6,605,1420,0
noruba/docs/cli/execute_with_tag_filter.feature,2020-03-17 21:26:56,2020-03-21 02:19:59,6,605,1420,0
noruba/docs/cli/exclude_files.feature,2020-03-17 21:26:56,2020-03-21 02:19:59,6,605,1420,0
noruba/docs/cli/dry_run.feature,2020-03-17 21:26:56,2020-03-21 02:19:59,6,605,1420,0
noruba/docs/cli/backtraces.feature,2020-03-17 21:26:56,2020-03-21 02:19:59,6,605,1420,0
noruba/docs/cli/i18n.feature,2020-03-17 21:26:56,2020-03-21 02:19:59,6,605,1420,0
noruba/docs/defining_steps/skip_scenario.feature,2020-03-17 21:37:13,2020-03-21 02:19:59,5,1032,1420,0
noruba/docs/defining_steps/table_diffing.feature,2020-03-17 21:37:13,2020-03-21 02:19:59,5,1032,1420,0
noruba/docs/defining_steps/snippets.feature,2020-03-17 21:37:13,2020-03-21 02:19:59,5,1032,1420,0
noruba/docs/defining_steps/printing_messages.feature,2020-03-17 21:37:13,2020-03-21 02:19:59,5,1032,1420,0
noruba/docs/defining_steps/nested_steps_i18n.feature,2020-03-17 21:37:13,2020-03-21 02:19:59,5,1032,1420,0
noruba/docs/defining_steps/nested_steps_with_second_arg.feature,2020-03-17 21:37:13,2020-03-21 02:19:59,5,1032,1420,0
noruba/docs/defining_steps/one_line_step_definitions.feature,2020-03-17 21:37:13,2020-03-21 02:19:59,5,1032,1420,0
noruba/docs/defining_steps/nested_steps.feature,2020-03-17 21:37:13,2020-03-21 02:19:59,5,1032,1420,0
noruba/docs/defining_steps/ambiguous_steps.feature,2020-03-17 21:37:13,2020-03-21 02:19:59,5,1032,1420,0
noruba/docs/events/test_step_started_event.feature,2020-03-17 22:15:05,2020-03-21 02:19:59,4,1032,1420,0
noruba/docs/events/test_step_finished_event.feature,2020-03-17 22:15:05,2020-03-21 02:19:59,4,1032,1420,0
noruba/docs/events/test_run_started_event.feature,2020-03-17 22:15:05,2020-03-21 02:19:59,4,1032,1420,0
noruba/docs/events/test_case_started_event.feature,2020-03-17 22:15:05,2020-03-21 02:19:59,4,1032,1420,0
noruba/docs/events/test_run_finished_event.feature,2020-03-17 22:15:05,2020-03-21 02:19:59,4,1032,1420,0
noruba/docs/events/step_definition_registered_event.feature,2020-03-17 22:15:05,2020-03-21 02:19:59,4,1032,1420,0
noruba/docs/events/step_activated_event.feature,2020-03-17 22:15:05,2020-03-21 02:19:59,4,1032,1420,0
noruba/docs/events/gherkin_source_read_event.feature,2020-03-17 22:15:05,2020-03-21 02:19:59,4,1032,1420,0
noruba/docs/events/test_case_finished_event.feature,2020-03-17 22:15:05,2020-03-21 02:19:59,4,1032,1420,0
noruba/docs/extending_cucumber/custom_filter.feature,2020-03-17 22:27:56,2020-03-21 02:19:59,3,1032,1420,0
noruba/docs/extending_cucumber/custom_formatter.feature,2020-03-17 22:27:56,2020-03-21 02:19:59,3,1032,1420,0
noruba/docs/formatters/progress_formatter.feature,2020-03-21 02:19:59,2020-03-21 02:19:59,1,586,710,0
noruba/docs/formatters/usage_formatter.feature,2020-03-21 02:19:59,2020-03-21 02:19:59,1,586,710,0
noruba/docs/formatters/summary_formatter.feature,2020-03-21 02:19:59,2020-03-21 02:19:59,1,586,710,0
noruba/docs/formatters/rerun_formatter.feature,2020-03-21 02:19:59,2020-03-21 02:19:59,1,586,710,0
noruba/docs/formatters/pretty_formatter.feature,2020-03-21 02:19:59,2020-03-21 02:19:59,1,586,710,0
noruba/docs/formatters/junit_formatter.feature,2020-03-21 02:19:59,2020-03-21 02:19:59,1,586,710,0
noruba/docs/formatters/json_formatter.feature,2020-03-21 02:19:59,2020-03-21 02:19:59,1,586,710,0
noruba/docs/formatters/html.feature,2020-03-21 02:19:59,2020-03-21 02:19:59,1,586,710,0
noruba/docs/formatters/gherkin_6.feature,2020-03-21 02:19:59,2020-03-21 02:19:59,1,586,710,0
noruba/docs/formatters/api_methods.feature,2020-03-21 02:19:59,2020-03-21 02:19:59,1,586,710,0
noruba/docs/formatters/message.feature,2020-03-21 02:19:59,2020-03-21 02:19:59,1,586,710,0
noruba/features/docs/events/test_run_started_event.feature,2020-03-26 04:04:11,2020-05-07 18:19:52,50,3083,2854,0
noruba/features/docs/events/test_run_finished_event.feature,2020-03-26 04:04:11,2020-05-07 18:19:52,50,3083,2854,0
noruba/features/docs/events/test_case_started_event.feature,2020-03-26 04:04:11,2020-05-07 18:19:52,50,3083,2854,0
noruba/features/docs/events/test_case_finished_event.feature,2020-03-26 04:04:11,2020-05-07 18:19:52,50,3083,2854,0
noruba/features/docs/events/step_definition_registered_event.feature,2020-03-26 04:04:11,2020-05-07 18:19:52,50,3083,2854,0
noruba/features/docs/events/step_activated_event.feature,2020-03-26 04:04:11,2020-05-07 18:19:52,50,3083,2854,0
noruba/features/docs/defining_steps/snippets.feature,2020-03-26 04:04:11,2020-05-07 18:19:52,50,3083,2854,0
noruba/features/docs/defining_steps/table_diffing.feature,2020-03-26 04:04:11,2020-05-07 18:19:52,50,3083,2854,0
noruba/features/docs/defining_steps/skip_scenario.feature,2020-03-26 04:04:11,2020-05-07 18:19:52,50,3083,2854,0
noruba/features/docs/defining_steps/printing_messages.feature,2020-03-26 04:04:11,2020-05-07 18:19:52,50,3083,2854,0
noruba/features/docs/defining_steps/nested_steps_with_second_arg.feature,2020-03-26 04:04:11,2020-05-07 18:19:52,50,3083,2854,0
noruba/features/docs/defining_steps/one_line_step_definitions.feature,2020-03-26 04:04:11,2020-05-07 18:19:52,50,3083,2854,0
noruba/features/docs/events/gherkin_source_read_event.feature,2020-03-26 04:04:11,2020-05-07 18:19:52,50,3083,2854,0
noruba/features/docs/events/test_step_finished_event.feature,2020-03-26 04:04:11,2020-05-07 18:19:52,50,3083,2854,0
noruba/features/docs/formatters/summary_formatter.feature,2020-03-26 04:04:11,2020-05-07 18:19:52,50,3083,2854,0
noruba/features/docs/extending_cucumber/custom_filter.feature,2020-03-26 04:04:11,2020-05-07 18:19:52,50,3083,2854,0
noruba/features/docs/extending_cucumber/custom_formatter.feature,2020-03-26 04:04:11,2020-05-07 18:19:52,50,3083,2854,0
noruba/features/docs/formatters/api_methods.feature,2020-03-26 04:04:11,2020-05-07 18:19:52,50,3083,2854,0
noruba/features/docs/formatters/gherkin_6.feature,2020-03-26 04:04:11,2020-05-07 18:19:52,50,3083,2854,0
noruba/features/docs/formatters/html.feature,2020-03-26 04:04:11,2020-05-07 18:19:52,50,3083,2854,0
noruba/features/docs/formatters/json_formatter.feature,2020-03-26 04:04:11,2020-05-07 18:19:52,50,3083,2854,0
noruba/features/docs/formatters/junit_formatter.feature,2020-03-26 04:04:11,2020-05-07 18:19:52,50,3083,2854,0
noruba/features/docs/formatters/message.feature,2020-03-26 04:04:11,2020-05-07 18:19:52,50,3083,2854,0
noruba/features/docs/formatters/pretty_formatter.feature,2020-03-26 04:04:11,2020-05-07 18:19:52,50,3083,2854,0
noruba/features/docs/formatters/progress_formatter.feature,2020-03-26 04:04:11,2020-05-07 18:19:52,50,3083,2854,0
noruba/features/docs/formatters/rerun_formatter.feature,2020-03-26 04:04:11,2020-05-07 18:19:52,50,3083,2854,0
noruba/features/docs/formatters/usage_formatter.feature,2020-03-26 04:04:11,2020-05-07 18:19:52,50,3083,2854,0
noruba/features/docs/defining_steps/nested_steps_i18n.feature,2020-03-26 04:04:11,2020-05-07 18:19:52,50,3083,2854,0
noruba/features/docs/events/test_step_started_event.feature,2020-03-26 04:04:11,2020-05-07 18:19:52,50,3083,2854,0
noruba/features/docs/defining_steps/nested_steps.feature,2020-03-26 04:04:11,2020-05-07 18:19:52,50,3083,2854,0
noruba/features/docs/exception_in_before_hook.feature,2020-03-26 04:04:11,2020-05-07 18:19:52,50,3083,2854,0
noruba/features/docs/cli/strict_mode.feature,2020-03-26 04:04:11,2020-05-07 18:19:52,50,3083,2854,0
noruba/features/docs/defining_steps/ambiguous_steps.feature,2020-03-26 04:04:11,2020-05-07 18:19:52,50,3083,2854,0
noruba/features/docs/exception_in_after_hook.feature,2020-03-26 04:04:11,2020-05-07 18:19:52,50,3083,2854,0
noruba/features/docs/exception_in_after_step_hook.feature,2020-03-26 04:04:11,2020-05-07 18:19:52,50,3083,2854,0
noruba/features/docs/exception_in_around_hook.feature,2020-03-26 04:04:11,2020-05-07 18:19:52,50,3083,2854,0
noruba/features/docs/getting_started.feature,2020-03-26 04:04:11,2020-05-07 18:19:52,50,3083,2854,0
noruba/features/docs/iso-8859-1.feature,2020-03-26 04:04:11,2020-05-07 18:19:52,50,3083,2854,0
noruba/features/docs/profiles.feature,2020-03-26 04:04:11,2020-05-07 18:19:52,50,3083,2854,0
noruba/features/docs/rake_task.feature,2020-03-26 04:04:11,2020-05-07 18:19:52,50,3083,2854,0
noruba/features/docs/raketask.feature,2020-03-26 04:04:11,2020-05-07 18:19:52,50,3083,2854,0
noruba/features/docs/work_in_progress.feature,2020-03-26 04:04:11,2020-05-07 18:19:52,50,3083,2854,0
noruba/features/docs/api/list_step_defs_as_json.feature,2020-03-26 04:04:11,2020-05-07 18:19:52,50,3083,2854,0
noruba/features/docs/api/listen_for_events.feature,2020-03-26 04:04:11,2020-05-07 18:19:52,50,3083,2854,0
noruba/features/docs/cli/backtraces.feature,2020-03-26 04:04:11,2020-05-07 18:19:52,50,3083,2854,0
noruba/features/docs/api/run_cli_main_with_existing_runtime.feature,2020-03-26 04:04:11,2020-05-07 18:19:52,50,3083,2854,0
noruba/features/docs/cli/exclude_files.feature,2020-03-26 04:04:11,2020-05-07 18:19:52,50,3083,2854,0
noruba/features/docs/cli/specifying_multiple_formatters.feature,2020-03-26 04:04:11,2020-05-07 18:19:52,50,3083,2854,0
noruba/features/docs/cli/showing_differences.feature,2020-03-26 04:04:11,2020-05-07 18:19:52,50,3083,2854,0
noruba/features/docs/cli/run_specific_scenarios.feature,2020-03-26 04:04:11,2020-05-07 18:19:52,50,3083,2854,0
noruba/features/docs/cli/run_scenarios_matching_name.feature,2020-03-26 04:04:11,2020-05-07 18:19:52,50,3083,2854,0
noruba/features/docs/cli/dry_run.feature,2020-03-26 04:04:11,2020-05-07 18:19:52,50,3083,2854,0
noruba/features/docs/cli/require.feature,2020-03-26 04:04:11,2020-05-07 18:19:52,50,3083,2854,0
noruba/features/docs/cli/retry_failing_tests.feature,2020-03-26 04:04:11,2020-05-07 18:19:52,50,3083,2854,0
noruba/features/docs/cli/i18n.feature,2020-03-26 04:04:11,2020-05-07 18:19:52,50,3083,2854,0
noruba/features/docs/cli/help.feature,2020-03-26 04:04:11,2020-05-07 18:19:52,50,3083,2854,0
noruba/features/docs/cli/finding_steps.feature,2020-03-26 04:04:11,2020-05-07 18:19:52,50,3083,2854,0
noruba/features/docs/cli/fail_fast.feature,2020-03-26 04:04:11,2020-05-07 18:19:52,29,1505,1418,0
noruba/features/docs/cli/execute_with_tag_filter.feature,2020-03-26 04:04:11,2020-05-07 18:19:52,50,3083,2854,0
noruba/features/docs/cli/randomize.feature,2020-03-26 04:04:11,2020-05-07 18:19:52,50,3083,2854,0
noruba/features/docs/gherkin/using_star_notation.feature,2020-03-26 18:12:29,2020-05-07 18:19:52,48,3083,2854,0
noruba/features/docs/gherkin/using_descriptions.feature,2020-03-26 18:12:29,2020-05-07 18:19:52,48,3083,2854,0
noruba/features/docs/gherkin/unicode_table.feature,2020-03-26 18:12:29,2020-05-07 18:19:52,48,3083,2854,0
noruba/features/docs/gherkin/rule.feature,2020-03-26 18:12:29,2020-05-07 18:19:52,48,3083,2854,0
noruba/features/docs/gherkin/outlines.feature,2020-03-26 18:12:29,2020-05-07 18:19:52,48,3083,2854,0
noruba/features/docs/gherkin/example.feature,2020-03-26 18:12:29,2020-05-07 18:19:52,48,3083,2854,0
noruba/features/docs/gherkin/expand_option_for_outlines.feature,2020-03-26 18:12:29,2020-05-07 18:19:52,48,3083,2854,0
noruba/features/docs/gherkin/doc_strings.feature,2020-03-26 18:12:29,2020-05-07 18:19:52,48,3083,2854,0
noruba/features/docs/gherkin/background.feature,2020-03-26 18:12:29,2020-05-07 18:19:52,48,3083,2854,0
noruba/features/docs/gherkin/language_from_header.feature,2020-03-26 18:12:29,2020-05-07 18:19:52,48,3083,2854,0
noruba/features/docs/writing_support_code/tagged_hooks.feature,2020-03-26 18:26:09,2020-05-07 18:19:52,47,3083,2854,0
noruba/features/docs/writing_support_code/state.feature,2020-03-26 18:26:09,2020-05-07 18:19:52,47,3083,2854,0
noruba/features/docs/writing_support_code/parameter_types.feature,2020-03-26 18:26:09,2020-05-07 18:19:52,47,3083,2854,0
noruba/features/docs/writing_support_code/load_path.feature,2020-03-26 18:26:09,2020-05-07 18:19:52,47,3083,2854,0
noruba/features/docs/writing_support_code/hook_order.feature,2020-03-26 18:26:09,2020-05-07 18:19:52,47,3083,2854,0
noruba/features/docs/writing_support_code/world.feature,2020-03-26 18:26:09,2020-05-07 18:19:52,47,3083,2854,0
noruba/features/docs/writing_support_code/around_hooks.feature,2020-03-26 18:26:09,2020-05-07 18:19:52,47,3083,2854,0
noruba/features/docs/writing_support_code/after_step_hooks.feature,2020-03-26 18:26:09,2020-05-07 18:19:52,47,3083,2854,0
noruba/features/docs/writing_support_code/after_hooks.feature,2020-03-26 18:26:09,2020-05-07 18:19:52,47,3083,2854,0
noruba/features/docs/post_configuration_hook.feature,2020-03-26 18:26:09,2020-05-07 18:19:52,47,3083,2854,0
noruba/features/docs/writing_support_code/before_hook.feature,2020-03-26 18:26:09,2020-05-07 18:19:52,47,3083,2854,0
features/docs/cli/publish_banner.feature,2020-08-17 13:42:57,2026-03-18 05:23:25,420,858,0,0
features/docs/writing_support_code/attachments.feature,2021-04-13 18:32:07,2026-03-18 05:23:25,284,842,0,0
features/docs/gherkin/empty_scenario.feature,2021-05-18 13:40:41,2026-03-18 05:23:25,260,850,0,0
features/docs/writing_support_code/hooks/post_configuration_hook.feature,2021-10-25 17:34:28,2022-01-04 16:54:57,18,704,693,0
features/docs/writing_support_code/hooks/hook_order.feature,2021-10-25 17:34:28,2026-03-18 05:23:25,206,704,0,0
features/docs/writing_support_code/hooks/before_hook.feature,2021-10-25 17:34:28,2026-03-18 05:23:25,206,704,0,0
features/docs/writing_support_code/hooks/before_all_hook.feature,2021-10-25 17:34:28,2026-03-18 05:23:25,206,704,0,0
features/docs/writing_support_code/hooks/after_hooks.feature,2021-10-25 17:34:28,2026-03-18 05:23:25,206,704,0,0
features/docs/writing_support_code/hooks/after_step_hooks.feature,2021-10-25 17:34:28,2026-03-18 05:23:25,206,704,0,0
features/docs/writing_support_code/hooks/after_all_hook.feature,2021-10-25 17:34:28,2026-03-18 05:23:25,206,704,0,0
features/docs/writing_support_code/hooks/around_hooks.feature,2021-10-25 17:34:28,2026-03-18 05:23:25,206,704,0,0
features/docs/writing_support_code/hooks/install_plugin_hook.feature,2021-10-26 19:19:02,2026-03-18 05:23:25,205,704,0,0
features/docs/writing_support_code/hooks/named_hooks.feature,2022-05-20 22:56:56,2026-03-18 05:23:25,160,700,0,0
features/docs/cli/ordering.feature,2026-03-11 07:24:11,2026-03-18 05:23:25,7,423,0,0
